{"cameraMode":{"drawMode":0,"name":"Shaded","section":"Shading Mode"},"sceneLighting":true,"audioPlay":false,"sceneViewState":{"showFog":true,"showMaterialUpdate":false,"showSkybox":true,"showFlares":true,"showImageEffects":true,"showParticleSystems":true},"in2DMode":false,"pivot":{"x":37.887577056884769,"y":41.68722915649414,"z":2.0460188388824465},"rotation":{"x":0.3205772340297699,"y":-0.13800422847270966,"z":0.04727012291550636,"w":0.9359234571456909},"size":25.737680435180665,"orthographic":true}